-- MySQL Workbench Forward Engineering

SET @OLD_UNIQUE_CHECKS=@@UNIQUE_CHECKS, UNIQUE_CHECKS=0;
SET @OLD_FOREIGN_KEY_CHECKS=@@FOREIGN_KEY_CHECKS, FOREIGN_KEY_CHECKS=0;
SET @OLD_SQL_MODE=@@SQL_MODE, SQL_MODE='ONLY_FULL_GROUP_BY,STRICT_TRANS_TABLES,NO_ZERO_IN_DATE,NO_ZERO_DATE,ERROR_FOR_DIVISION_BY_ZERO,NO_ENGINE_SUBSTITUTION';

-- -----------------------------------------------------
-- Schema ex02
-- -----------------------------------------------------

-- -----------------------------------------------------
-- Schema ex02
-- -----------------------------------------------------
CREATE SCHEMA IF NOT EXISTS `ex02` DEFAULT CHARACTER SET utf8 ;
USE `ex02` ;

-- -----------------------------------------------------
-- Table `ex02`.`CLIENTE`
-- -----------------------------------------------------
CREATE TABLE IF NOT EXISTS `ex02`.`CLIENTE` (
  `CPF_CLIENTE` CHAR(11) NOT NULL,
  `NOME` VARCHAR(100) NULL,
  `ENDERECO` VARCHAR(100) NULL,
  `TELEFONE` DECIMAL(10) NULL,
  PRIMARY KEY (`CPF_CLIENTE`))
ENGINE = InnoDB;


-- -----------------------------------------------------
-- Table `ex02`.`TIPO_IMOVEL`
-- -----------------------------------------------------
CREATE TABLE IF NOT EXISTS `ex02`.`TIPO_IMOVEL` (
  `ID_TIPO_IMOVEL` DECIMAL(3) NOT NULL,
  `DESCRICAO` VARCHAR(45) NULL,
  PRIMARY KEY (`ID_TIPO_IMOVEL`))
ENGINE = InnoDB;


-- -----------------------------------------------------
-- Table `ex02`.`IMOVEL`
-- -----------------------------------------------------
CREATE TABLE IF NOT EXISTS `ex02`.`IMOVEL` (
  `ID_IMOVEL` DECIMAL(3) NOT NULL,
  `ENDERECO` VARCHAR(100) NULL,
  `AREA_CONSTRUIDA` DECIMAL(18,2) NULL,
  `QTDE_COMODO` INT NULL,
  `ID_TIPO_IMOVEL` DECIMAL(3) NOT NULL,
  PRIMARY KEY (`ID_IMOVEL`),
  INDEX `fk_IMOVEL_TIPO_IMOVEL1_idx` (`ID_TIPO_IMOVEL` ASC) VISIBLE,
  CONSTRAINT `fk_IMOVEL_TIPO_IMOVEL1`
    FOREIGN KEY (`ID_TIPO_IMOVEL`)
    REFERENCES `ex02`.`TIPO_IMOVEL` (`ID_TIPO_IMOVEL`)
    ON DELETE NO ACTION
    ON UPDATE NO ACTION)
ENGINE = InnoDB;


-- -----------------------------------------------------
-- Table `ex02`.`SITUACAO_IMOVEL`
-- -----------------------------------------------------
CREATE TABLE IF NOT EXISTS `ex02`.`SITUACAO_IMOVEL` (
  `ID_SITUACAO_IMOVEL` DECIMAL(3) NOT NULL,
  `DESCRICAO` VARCHAR(45) NULL,
  PRIMARY KEY (`ID_SITUACAO_IMOVEL`))
ENGINE = InnoDB;


-- -----------------------------------------------------
-- Table `ex02`.`SITUACAO_ATUAL`
-- -----------------------------------------------------
CREATE TABLE IF NOT EXISTS `ex02`.`SITUACAO_ATUAL` (
  `ID_IMOVEL` DECIMAL(3) NOT NULL,
  `ID_SITUACAO_IMOVEL` DECIMAL(3) NOT NULL,
  PRIMARY KEY (`ID_IMOVEL`, `ID_SITUACAO_IMOVEL`),
  INDEX `fk_IMOVEL_has_SITUACAO_IMOVEL_SITUACAO_IMOVEL1_idx` (`ID_SITUACAO_IMOVEL` ASC) VISIBLE,
  INDEX `fk_IMOVEL_has_SITUACAO_IMOVEL_IMOVEL1_idx` (`ID_IMOVEL` ASC) VISIBLE,
  CONSTRAINT `fk_IMOVEL_has_SITUACAO_IMOVEL_IMOVEL1`
    FOREIGN KEY (`ID_IMOVEL`)
    REFERENCES `ex02`.`IMOVEL` (`ID_IMOVEL`)
    ON DELETE NO ACTION
    ON UPDATE NO ACTION,
  CONSTRAINT `fk_IMOVEL_has_SITUACAO_IMOVEL_SITUACAO_IMOVEL1`
    FOREIGN KEY (`ID_SITUACAO_IMOVEL`)
    REFERENCES `ex02`.`SITUACAO_IMOVEL` (`ID_SITUACAO_IMOVEL`)
    ON DELETE NO ACTION
    ON UPDATE NO ACTION)
ENGINE = InnoDB;


-- -----------------------------------------------------
-- Table `ex02`.`PROPRIETARIO`
-- -----------------------------------------------------
CREATE TABLE IF NOT EXISTS `ex02`.`PROPRIETARIO` (
  `CLIENTE_CPF_CLIENTE` CHAR(11) NOT NULL,
  `IMOVEL_ID_IMOVEL` DECIMAL(3) NOT NULL,
  PRIMARY KEY (`CLIENTE_CPF_CLIENTE`, `IMOVEL_ID_IMOVEL`),
  INDEX `fk_CLIENTE_has_IMOVEL_IMOVEL1_idx` (`IMOVEL_ID_IMOVEL` ASC) VISIBLE,
  INDEX `fk_CLIENTE_has_IMOVEL_CLIENTE1_idx` (`CLIENTE_CPF_CLIENTE` ASC) VISIBLE,
  CONSTRAINT `fk_CLIENTE_has_IMOVEL_CLIENTE1`
    FOREIGN KEY (`CLIENTE_CPF_CLIENTE`)
    REFERENCES `ex02`.`CLIENTE` (`CPF_CLIENTE`)
    ON DELETE NO ACTION
    ON UPDATE NO ACTION,
  CONSTRAINT `fk_CLIENTE_has_IMOVEL_IMOVEL1`
    FOREIGN KEY (`IMOVEL_ID_IMOVEL`)
    REFERENCES `ex02`.`IMOVEL` (`ID_IMOVEL`)
    ON DELETE NO ACTION
    ON UPDATE NO ACTION)
ENGINE = InnoDB;


SET SQL_MODE=@OLD_SQL_MODE;
SET FOREIGN_KEY_CHECKS=@OLD_FOREIGN_KEY_CHECKS;
SET UNIQUE_CHECKS=@OLD_UNIQUE_CHECKS;

INSERT INTO CLIENTE (CPF_CLIENTE, NOME, ENDERECO, TELEFONE) VALUES ('11111111111', 'Paddington', '32 Windsor Gardens', '40028922');
INSERT INTO CLIENTE (CPF_CLIENTE, NOME, ENDERECO, TELEFONE) VALUES ('22222222222', 'Homer Simpson', '740 Evergreen Terrace, Springfield', '89224002');
INSERT INTO CLIENTE (CPF_CLIENTE, NOME, ENDERECO, TELEFONE) VALUES ('33333333333', 'Sherlock Holmes', '221B Baker Street, London, UK', '420666');
INSERT INTO CLIENTE (CPF_CLIENTE, NOME, ENDERECO, TELEFONE) VALUES ('44444444444', 'Doc Brown', '1640, Riverside Drive, Hill Valley, California', '1010101010');
INSERT INTO CLIENTE (CPF_CLIENTE, NOME, ENDERECO, TELEFONE) VALUES ('55555555555', 'Arthur Dent', '155 Country Lane, Cottington, Cottingshire', '999999');

INSERT INTO TIPO_IMOVEL (ID_TIPO_IMOVEL, DESCRICAO) VALUES (001, 'Casa');
INSERT INTO TIPO_IMOVEL (ID_TIPO_IMOVEL, DESCRICAO) VALUES (002, 'Restaurante');
INSERT INTO TIPO_IMOVEL (ID_TIPO_IMOVEL, DESCRICAO) VALUES (003, 'Mansão');
INSERT INTO TIPO_IMOVEL (ID_TIPO_IMOVEL, DESCRICAO) VALUES (004, 'Cemitério');
INSERT INTO TIPO_IMOVEL (ID_TIPO_IMOVEL, DESCRICAO) VALUES (005, 'Casebre');

INSERT INTO IMOVEL (ID_IMOVEL, ENDERECO, AREA_CONSTRUIDA, QTDE_COMODO, ID_TIPO_IMOVEL) VALUES (001, '62 West Wallaby Street, Wigan, UK', 130.00, 3, 005);
INSERT INTO IMOVEL (ID_IMOVEL, ENDERECO, AREA_CONSTRUIDA, QTDE_COMODO, ID_TIPO_IMOVEL) VALUES (002, '124 Conch Street, Bikini Bottom', 110.00, 2, 001);
INSERT INTO IMOVEL (ID_IMOVEL, ENDERECO, AREA_CONSTRUIDA, QTDE_COMODO, ID_TIPO_IMOVEL) VALUES (003, 'Wayne Manor, Gotham City', 820.00, 8, 003);
INSERT INTO IMOVEL (ID_IMOVEL, ENDERECO, AREA_CONSTRUIDA, QTDE_COMODO, ID_TIPO_IMOVEL) VALUES (004, 'Cemetery Ridge, USA', 200.00, 5, 004);
INSERT INTO IMOVEL (ID_IMOVEL, ENDERECO, AREA_CONSTRUIDA, QTDE_COMODO, ID_TIPO_IMOVEL) VALUES (005, 'Fim do Universo', 300.00, 6, 002);

INSERT INTO SITUACAO_IMOVEL (ID_SITUACAO_IMOVEL, DESCRICAO) VALUES (001, 'Ocupado');
INSERT INTO SITUACAO_IMOVEL (ID_SITUACAO_IMOVEL, DESCRICAO) VALUES (002, 'À venda');
INSERT INTO SITUACAO_IMOVEL (ID_SITUACAO_IMOVEL, DESCRICAO) VALUES (003, 'Alugado');
INSERT INTO SITUACAO_IMOVEL (ID_SITUACAO_IMOVEL, DESCRICAO) VALUES (004, 'Aluga-se');
INSERT INTO SITUACAO_IMOVEL (ID_SITUACAO_IMOVEL, DESCRICAO) VALUES (005, 'Irregular');

INSERT INTO SITUACAO_ATUAL (ID_IMOVEL, ID_SITUACAO_IMOVEL) VALUES (001, 001);
INSERT INTO SITUACAO_ATUAL (ID_IMOVEL, ID_SITUACAO_IMOVEL) VALUES (002, 005);
INSERT INTO SITUACAO_ATUAL (ID_IMOVEL, ID_SITUACAO_IMOVEL) VALUES (003, 002);
INSERT INTO SITUACAO_ATUAL (ID_IMOVEL, ID_SITUACAO_IMOVEL) VALUES (004, 003);
INSERT INTO SITUACAO_ATUAL (ID_IMOVEL, ID_SITUACAO_IMOVEL) VALUES (005, 004);

INSERT INTO PROPRIETARIO (CLIENTE_CPF_CLIENTE, IMOVEL_ID_IMOVEL) VALUES ('11111111111', 003);
INSERT INTO PROPRIETARIO (CLIENTE_CPF_CLIENTE, IMOVEL_ID_IMOVEL) VALUES ('22222222222', 001);
INSERT INTO PROPRIETARIO (CLIENTE_CPF_CLIENTE, IMOVEL_ID_IMOVEL) VALUES ('33333333333', 004);
INSERT INTO PROPRIETARIO (CLIENTE_CPF_CLIENTE, IMOVEL_ID_IMOVEL) VALUES ('44444444444', 002);
INSERT INTO PROPRIETARIO (CLIENTE_CPF_CLIENTE, IMOVEL_ID_IMOVEL) VALUES ('55555555555', 005);