Date,Pre√ßo,MA7,MA25,NumTransacoes
2021-02-08,3915.590088,3831.248604857143,3807.4288183199997,4648360000
2021-02-09,3911.22998,3859.390032,3815.8520214399996,4568320000
2021-02-10,3909.879883,3878.8214285714284,3823.1728124799997,4837070000
2021-02-11,3916.379883,3891.688546285714,3829.90241208,4590960000
2021-02-12,3934.830078,3906.639997142857,3835.1440136399997,4135060000
2021-02-16,3932.590088,3915.332868285714,3839.46041988,5058990000
2021-02-17,3931.330078,3921.690011142857,3844.7292187199996,4730650000
2021-02-18,3913.969971,3921.4585658571427,3849.24041992,4793650000
2021-02-19,3906.709961,3920.812848857143,3853.1152148399997,4845320000
2021-02-22,3876.5,3916.044294142857,3856.3536132799995,5917100000
2021-02-23,3881.370117,3911.042899,3860.8784179599998,6296610000
2021-02-24,3925.429932,3909.700021,3865.93921876,6012790000
2021-02-25,3829.340088,3894.950021,3865.0388183600003,6547470000
2021-02-26,3811.149902,3877.781424428572,3863.36201172,6526070000
2021-03-01,3901.820068,3876.045724,3865.7760156,5114820000
2021-03-02,3870.290039,3870.842878,3866.3732128799998,5536010000
2021-03-03,3819.719971,3862.731445285714,3865.1772070399998,6173660000
2021-03-04,3768.469971,3846.602853,3865.8852050799997,7195400000
2021-03-05,3841.939941,3834.6757114285715,3868.0676074,6851070000
2021-03-08,3821.350098,3833.5342842857144,3872.3520117199996,5871710000
2021-03-09,3875.439941,3842.7185755714286,3876.41520508,5513560000
2021-03-10,3898.810059,3842.2885742857143,3879.31520508,5847380000
2021-03-11,3939.340088,3852.152867,3883.6820117200004,5312880000
2021-03-12,3943.340088,3869.812883714286,3886.54601564,4476280000
2021-03-15,3968.939941,3898.4514508571433,3889.8304101599997,4900100000
2021-03-16,3962.709961,3915.704310857143,3891.71520508,4613080000
2021-03-17,3974.120117,3937.528599285714,3894.2308105600005,4561660000
2021-03-18,3915.459961,3943.245745,3894.45401368,5118590000
2021-03-19,3913.100098,3945.2871791428565,3894.32282228,7757420000
2021-03-22,3940.590088,3945.4657505714285,3894.55322268,4316260000
2021-03-23,3910.52002,3940.7771694285716,3893.67041996,4669010000
2021-03-24,3889.139893,3929.3771625714285,3891.9828125599997,4783020000
2021-03-25,3909.52002,3921.7785995714285,3891.8048145200005,4948340000
2021-03-26,3974.540039,3921.8385884285713,3894.5180176400004,5483160000
2021-03-29,3971.090088,3929.7857494285713,3898.30162116,4628180000
2021-03-30,3958.550049,3936.278599571429,3901.3888184400003,4121510000
2021-03-31,3972.889893,3940.8928574285715,3903.2872168800004,4578050000
2021-04-01,4019.870117,3956.5142998571428,3910.9084180399996,4162130000
2021-04-05,4077.909912,3983.481445428571,3921.5788184400003,4005030000
2021-04-06,4073.939941,4006.9700055714284,3928.46361336,4081270000
2021-04-07,4079.949951,4022.028564428572,3936.85000984,4120810000
2021-04-08,4097.169922,4040.039969285714,3947.9480078799998,3907100000
2021-04-09,4128.799805,4064.361363,3962.36120124,3640390000
2021-04-12,4127.990234,4086.518554571429,3973.8032129599997,3588900000
2021-04-13,4141.589844,4103.9070870000005,3986.6128028000003,3734720000
2021-04-14,4124.660156,4110.585693285714,3996.5816114,3985350000
2021-04-15,4170.419922,4124.368547714285,4007.44600592,4033420000
2021-04-16,4185.470215,4139.442871142857,4017.2912109999997,4163820000
2021-04-19,4163.259766,4148.884277428571,4026.08799812,3810290000
2021-04-20,4134.939941,4149.761439714285,4032.72799812,4342650000
2021-04-21,4173.419922,4156.251395142857,4041.1563965600003,3887250000
2021-04-22,4134.97998,4155.307128857143,4047.5907910799997,4245140000
2021-04-23,4180.169922,4163.237095428572,4058.17918952,3569880000
2021-04-26,4187.620117,4165.6942661428575,4069.15999028,3748320000
2021-04-27,4186.720215,4165.872837571429,4079.0051953599996,3710700000
2021-04-28,4183.180176,4168.718610428571,4089.9116016000003,3787360000
2021-04-29,4211.470215,4179.6515067142855,4102.8048144800005,4298680000
2021-04-30,4181.169922,4180.758649571429,4113.67081056,4300880000
2021-05-03,4192.660156,4188.998674714286,4122.39561524,4070220000
2021-05-04,4164.660156,4186.782993857143,4130.13841796,4452460000
2021-05-05,4167.589844,4183.921526285714,4138.50000976,4230920000
2021-05-06,4201.620117,4186.050083714285,4147.64921872,4511000000
2021-05-07,4232.600098,4193.110072571429,4156.15841796,4016080000
2021-05-10,4188.430176,4189.818638428572,4160.57922852,4560700000
2021-05-11,4152.100098,4185.665806428571,4163.7056348,4870710000
2021-05-12,4063.040039,4167.148646857143,4163.02923832,4733070000
2021-05-13,4112.5,4159.697196,4163.64244144,4779540000
2021-05-14,4173.850098,4160.591518,4165.44445316,4008880000
2021-05-17,4163.290039,4155.115792571429,4166.85644536,4125050000
2021-05-18,4127.830078,4140.148646857143,4166.30605472,4398150000
2021-05-19,4115.680176,4129.755789714286,4165.94685552,4247450000
2021-05-20,4159.120117,4130.758649571429,4165.49486332,3978880000
2021-05-21,4155.859863,4144.0186244285715,4164.31044924,3995250000
2021-05-24,4197.049805,4156.097168,4165.6620508,3684800000
2021-05-25,4188.129883,4158.137137285715,4167.78964848,4182250000
2021-05-26,4195.990234,4162.808593714286,4168.69246096,4420890000
2021-05-27,4200.879883,4173.244280142857,4171.32845708,6406310000
2021-05-28,4204.109863,4185.877092571429,4172.28605472,4649250000
2021-06-01,4202.040039,4192.00851,4172.8628516,5074670000
2021-06-02,4208.120117,4199.474260571428,4173.71884768,5833670000
2021-06-03,4192.850098,4198.874302428571,4174.10564456,5587970000
2021-06-04,4229.890137,4204.840053,4174.84244144,4139790000
2021-06-07,4226.52002,4209.201451,4176.65644536,4476920000
2021-06-08,4227.259766,4212.970005714285,4178.04042976,4659620000
2021-06-09,4219.549805,4215.175711714286,4180.23601572,4713260000
2021-06-10,4239.180176,4220.481445571429,4183.099629,4408210000
2021-06-11,4247.439941,4226.098563285715,4184.93242196,3815010000
2021-06-14,4255.149902,4234.998535285714,4185.83441412,4151200000
2021-06-15,4246.589844,4237.384207714285,4188.16080084,4048940000
2021-06-16,4223.700195,4236.9813755714285,4191.02480472,4538350000
2021-06-17,4221.859863,4236.2099608571425,4197.377597680001,5312680000
2021-06-18,4166.450195,4228.624302285714,4199.5356054799995,6817010000
2021-06-21,4224.790039,4226.568568428572,4201.57320312,4128950000
2021-06-22,4246.439941,4226.425711285714,4204.8991992,3828390000
2021-06-23,4241.839844,4224.5242744285715,4209.459589839999,3730350000
2021-06-24,4266.490234,4227.367187285715,4215.49199216,3816660000
2021-06-25,4280.700195,4235.510044428572,4220.355195280001,7341450000
2021-06-28,4290.609863,4245.331473,4225.74519528,4147890000
2021-06-29,4291.799805,4263.238560142857,4229.53519528,3707150000
2021-06-30,4297.5,4273.625697428572,4233.909999959999,4266040000
2021-07-01,4319.939941,4284.125697428572,4238.86798824,3788230000
2021-07-02,4352.339844,4299.911411714285,4244.92638668,3225840000
2021-07-06,4343.540039,4310.918526714285,4250.50359372,4309570000
2021-07-07,4358.129883,4321.979910714285,4256.74718748,4037380000
2021-07-08,4320.819824,4326.295619428572,4261.2551757599995,4347500000
2021-07-09,4369.549805,4337.402762285715,4268.32316404,3531120000
2021-07-12,4384.629883,4349.849888428571,4274.51275388,3384460000
2021-07-13,4369.209961,4356.888462714285,4280.22035152,3695430000
2021-07-14,4374.299805,4360.0256,4286.10195308,4006370000
2021-07-15,4360.029785,4362.381278,4291.72115228,3905230000
2021-07-16,4327.160156,4357.957031285714,4295.24035148,3985700000
2021-07-19,4258.490234,4349.052804142857,4295.6823632000005,5157660000
2021-07-20,4323.060059,4342.411411857142,4298.39876948,4438270000
2021-07-21,4358.689941,4338.705705857143,4302.88277336,3810280000
2021-07-22,4367.47998,4338.458565714286,4308.63396476,3358300000
2021-07-23,4411.790039,4343.814313428572,4316.231171799999,4540070000
2021-07-26,4422.299805,4352.710030571428,4326.4651562,4275630000
2021-07-27,4401.459961,4363.324288428571,4333.53195308,4241950000
2021-07-28,4400.640137,4383.631417428572,4339.69996092,4215290000
2021-07-29,4419.149902,4397.358537857142,4346.79236324,4044600000
2021-07-30,4395.259766,4402.582798571429,4351.94314452,3956740000
2021-08-02,4387.160156,4405.394252285714,4356.20154296,3724090000
2021-08-03,4423.149902,4407.017089857143,4361.50314452,3965190000
2021-08-04,4402.660156,4404.211425714286,4365.93755856,4260760000
2021-08-05,4429.100098,4408.160016714285,4371.20156248,3769410000
2021-08-06,4436.52002,4413.285714285715,4375.86476564,3451870000
2021-08-09,4432.350098,4415.171456571429,4379.065175799999,3449280000
2021-08-10,4436.75,4421.0986328571435,4382.7935742399995,3886610000
2021-08-11,4442.410156,4428.991489999999,4386.16478516,3532560000
2021-08-12,4460.830078,4434.374372285713,4391.76519532,3375310000
2021-08-13,4468.0,4443.708635714285,4395.70320312,3016470000
2021-08-16,4479.709961,4450.9386161428565,4399.50640624,3370640000
2021-08-17,4448.080078,4452.590053,4402.66121092,3836960000
2021-08-18,4400.27002,4448.007184714285,4403.70001952,3755590000
2021-08-19,4405.799805,4443.585728285714,4405.53082032,4398410000
2021-08-20,4441.669922,4443.479980571428,4410.11121096,3652610000
2021-08-23,4479.529785,4446.1513672857145,4418.952793,3576530000
2021-08-24,4486.22998,4448.755650142857,4425.47958984,3979220000
2021-08-25,4496.189941,4451.109933,4430.97958984,3444700000
2021-08-26,4470.0,4454.241350428571,4435.08039064,3263980000
2021-08-27,4509.370117,4469.8270785714285,4438.983593759999,3331200000
2021-08-30,4528.790039,4487.397112,4443.24320312,3168660000
2021-08-31,4522.680176,4498.970005428571,4448.09201172,4290710000
2021-09-01,4524.089844,4505.335728142857,4453.03,4057340000
2021-09-02,4536.950195,4512.581473142857,4457.74201172,3735990000
2021-09-03,4535.430176,4518.187221,4463.34882812,3217530000
2021-09-07,4520.029785,4525.334333142857,4468.66361328,3822960000
2021-09-08,4514.069824,4526.005719857143,4472.30041016,3750880000
2021-09-09,4493.279785,4520.932826428571,4475.92519532,3735390000
2021-09-10,4458.580078,4511.775669571429,4477.10439452,3623180000
2021-09-13,4468.72998,4503.867117571429,4478.39279292,3914220000
2021-09-14,4443.049805,4490.452776142857,4478.8207812,3670460000
2021-09-15,4480.700195,4482.634207428572,4480.578789,4032020000
2021-09-16,4473.75,4476.022809571428,4481.83238276,3984560000
2021-09-17,4432.990234,4464.440011,4480.7187890000005,7289530000
2021-09-20,4357.72998,4445.075753142858,4476.3079882,4898070000
2021-09-21,4354.189941,4430.1628764285715,4471.2871874,3920920000
2021-09-22,4395.640137,4419.7214702857145,4469.189589760001,3939170000
2021-09-23,4448.97998,4420.568638142858,4471.13798816,3916350000
2021-09-24,4455.47998,4416.965750285714,4473.12519516,3384290000
2021-09-27,4443.109863,4412.588587857143,4473.1827928,4058650000
2021-09-28,4352.629883,4401.108537714286,4468.10679672,4416550000
2021-09-29,4359.459961,4401.355677857143,4463.03599596,3712660000
2021-09-30,4307.540039,4394.691406142857,4455.48999988,4448140000
2021-10-01,4357.040039,4389.177106428571,4450.97160144,4010370000
2021-10-04,4300.459961,4367.9599608571425,4442.6151952,4307870000
2021-10-05,4345.720215,4352.279994428572,4435.29240224,3902890000
2021-10-06,4363.549805,4340.914271857143,4428.9271874,4009630000
2021-10-07,4399.759766,4347.647112285714,4423.9539842799995,3843740000
2021-10-08,4391.339844,4352.201381285714,4418.12957024,3280160000
2021-10-11,4361.189941,4359.865653,4411.15996084,3281970000
2021-10-12,4350.649902,4358.952776285714,4404.38476552,3558450000
2021-10-13,4363.799805,4368.001325428571,4398.3739647600005,3620070000
2021-10-14,4438.259766,4381.221261285714,4396.173164,3598280000
2021-10-15,4471.370117,4396.6241629999995,4396.68476556,3819380000
2021-10-18,4486.459961,4409.009905142857,4397.3939648,3662010000
2021-10-19,4519.629883,4427.337053571428,4400.457167920001,3459130000
2021-10-20,4536.189941,4452.337053571428,4402.676757759999,3670760000
2021-10-21,4549.779785,4480.7841797142855,4405.71794916,3822330000
2021-10-22,4544.899902,4506.655622142857,4410.19433588,3758220000
2021-10-25,4566.47998,4524.972795571429,4418.544335879999,3899400000
2021-10-26,4574.790039,4539.7470701428565,4427.3683398,3879740000
2021-10-27,4551.680176,4549.064243714286,4433.6099413599995,4226050000
2021-10-28,4596.419922,4560.034249285714,4439.507539040001,4132950000
2021-10-29,4605.379883,4569.918526714286,4445.50353516,4510200000
2021-11-01,4613.669922,4579.045689142858,4452.32593752,3971540000
2021-11-02,4630.649902,4591.295689142857,4463.446738279999,3975250000
2021-11-03,4660.569824,4604.737095428572,4475.4911328,4319660000
2021-11-04,4680.060059,4619.775669714286,4490.3919336,4462300000
2021-11-05,4697.529785,4640.611328142857,4504.01152344,4467180000
2021-11-08,4701.700195,4655.6513671428565,4520.0611327999995,4269710000
2021-11-09,4685.25,4667.061383857143,4533.6423242,4117080000
2021-11-10,4646.709961,4671.781389428571,4544.96873044,4503720000
2021-11-11,4649.27002,4674.441406285714,4554.9491406,3926870000
2021-11-12,4682.850098,4677.624302571428,4566.609550759999,3728600000
2021-11-15,4682.799805,4678.015694857143,4579.47394532,3488410000
2021-11-16,4700.899902,4678.4971401428575,4593.48394532,3972640000
2021-11-17,4688.669922,4676.635672571429,4606.47875,3969070000
2021-11-18,4704.540039,4679.391392428572,4617.12996092,4226410000
2021-11-19,4697.959961,4686.712821,4626.19355468,4253180000
2021-11-22,4682.939941,4691.522809714285,4634.05275388,4441100000
2021-11-23,4690.700195,4692.644252142857,4640.89556636,4277590000
2021-11-24,4701.459961,4695.309988714286,4647.50636716,3418430000
2021-11-26,4594.620117,4680.127162285715,4649.29998044,3517700000
2021-11-29,4655.27002,4675.355747714286,4653.714785159999,4336410000
2021-11-30,4567.0,4655.707170714286,4653.73558596,6625990000
2021-12-01,4513.040039,4629.290039,4651.26558596,5366730000
2021-12-02,4577.100098,4614.170061428571,4652.28238284,5077180000
2021-12-03,4538.430176,4592.417201571428,4649.962793,5240070000
2021-12-06,4591.669922,4576.732910285714,4649.41439456,4770800000
2021-12-07,4686.75,4589.894322142857,4652.337597680001,4492400000
2021-12-08,4701.209961,4596.457170857143,4655.16000004,4234600000
2021-12-09,4667.450195,4610.807198714286,4655.43521488,3903840000
2021-12-10,4712.02002,4639.232910285714,4656.71361332,3870110000
2021-12-13,4668.970215,4652.357212714286,4655.5712305199995,4397230000
2021-12-14,4634.089844,4666.022879571428,4652.86681648,4485430000
2021-12-15,4709.850098,4682.905761857143,4653.8508204,4910130000
2021-12-16,4668.669922,4680.322893571428,4654.72921884,4829500000
2021-12-17,4620.640137,4668.812918714286,4653.58402352,7987090000
2021-12-20,4568.02002,4654.6086080000005,4648.9908204,4635700000
2021-12-21,4649.22998,4645.638602285714,4647.6480274000005,4072430000
2021-12-22,4696.560059,4649.580008571428,4647.4744336799995,3319610000
2021-12-23,4725.790039,4662.680036428572,4648.959238359999,2913040000
2021-12-27,4791.189941,4674.3000139999995,4652.42523444,2770290000
2021-12-28,4786.350098,4691.111467714286,4655.96083992,2707920000
2021-12-29,4793.060059,4715.742885142857,4660.365644640001,2963310000
2021-12-30,4778.72998,4745.844308,4663.886836039999,3124950000
2021-12-31,4766.180176,4762.551478857144,4666.47564464,2677820000
2022-01-03,4796.560059,4776.837193142857,4674.55324232,3831020000
2022-01-04,4793.540039,4786.515764571429,4680.08404308,4683170000
2022-01-05,4700.580078,4773.571498428571,4685.4272462,4887960000
2022-01-06,4696.049805,4760.671456571429,4692.74763684,4295280000
2022-01-07,4677.029785,4744.095703142857,4696.744824320001,4181510000
2022-01-10,4670.290039,4728.604283000001,4702.01921884,4511810000
2022-01-11,4713.069824,4721.017089857143,4706.87521492,4101590000
2022-01-12,4726.350098,4710.987095428572,4708.45921884,4048220000
2022-01-13,4659.029785,4691.771344857143,4706.7720118,4251730000
2022-01-14,4662.850098,4686.381347714285,4706.58800792,4338490000
2022-01-18,4577.109863,4669.389927428571,4701.19160164,4748700000
2022-01-19,4532.759766,4648.779924714286,4695.743183680001,4465740000
2022-01-20,4482.72998,4621.985630571428,4689.68878912,4640870000
2022-01-21,4397.939941,4576.967075857143,4677.21238284,5589100000
2022-01-24,4410.129883,4531.792759428571,4666.870781279999,6928110000
2022-01-25,4356.450195,4488.567103714285,4656.3031836,5145050000
2022-01-26,4349.930176,4443.8642577142855,4647.57958984,5570640000
2022-01-27,4326.509766,4408.064243857143,4634.6707812800005,5214200000
2022-01-28,4431.850098,4393.648577,4624.08238284,5031090000
2022-01-31,4515.549805,4398.337123428571,4615.672773480001,5098610000
2022-02-01,4546.540039,4419.565708857143,4605.8867774,4816830000
2022-02-02,4589.379883,4445.172851714286,4598.0079688000005,4481580000
2022-02-03,4477.439941,4462.457101142857,4585.38316408,4401970000
2022-02-04,4500.529785,4483.971331,4574.25515628,4706290000
2022-02-07,4483.870117,4506.451381142857,4562.96275392,4228480000
2022-02-08,4521.540039,4519.264229857143,4551.96195312,4459620000
2022-02-09,4587.180176,4529.49714,4543.7075586,4524350000
2022-02-10,4504.080078,4523.431431285714,4535.8475586,5314860000
2022-02-11,4418.640137,4499.040039,4524.75117188,5251500000
2022-02-14,4401.669922,4488.2157505714285,4513.73677736,4600390000
2022-02-15,4471.069824,4484.007184714286,4505.767968759999,4430830000
2022-02-16,4475.009766,4482.741420285714,4496.24556644,4283640000
2022-02-17,4380.259766,4462.558524142857,4482.40195316,4539420000
2022-02-18,4348.870117,4428.51423,4469.99556644,4708060000
2022-02-22,4304.759766,4400.039899714286,4455.67195316,5121900000
2022-02-23,4225.5,4372.448451571428,4441.60755864,4797430000
2022-02-24,4288.700195,4356.309919142857,4431.8451758,6752130000
2022-02-25,4384.649902,4343.964216,4427.92197268,5177060000
2022-02-28,4373.939941,4329.525669571429,4426.96197268,6071370000
2022-03-01,4306.259766,4318.954241,4422.807168,5846230000
2022-03-02,4386.540039,4324.335658428571,4424.01076176,5337870000
2022-03-03,4363.490234,4332.725725285714,4424.55316408,5039890000
2022-03-04,4328.870117,4347.492884857143,4424.64757812,5797380000
2022-03-07,4201.089844,4334.977120428572,4415.41716796,6940470000
2022-03-08,4170.700195,4304.412876571429,4401.62318356,7243120000
2022-03-09,4277.879883,4290.690011142858,4390.87677732,5662670000
2022-03-10,4259.52002,4284.012904571429,4377.6823828,4980830000
2022-03-11,4204.310059,4257.980050285714,4366.75718752,4938640000
2022-03-14,4173.109863,4230.782854428571,4353.6603906400005,5574920000
2022-03-15,4262.450195,4221.294294142857,4344.80359376,5392470000
2022-03-16,4357.859863,4243.690011142858,4338.256386720001,6309750000
2022-03-17,4411.669922,4278.1142578571435,4331.23597656,4985090000
2022-03-18,4463.120117,4304.5771484285715,4329.59757812,8278430000
2022-03-21,4461.180176,4333.3857421428565,4331.29917968,4869820000
2022-03-22,4511.609863,4377.285714142857,4335.69677732,4754840000
2022-03-23,4456.240234,4417.732910000001,4335.10359372,4550670000
2022-03-24,4520.160156,4454.548618714286,4336.9096093200005,4131390000
2022-03-25,4543.060059,4481.005789571428,4343.42162104,4305020000
2022-03-28,4575.52002,4504.412946428572,4352.487617160001,4312260000
2022-03-29,4631.600098,4528.4815151428575,4365.56123044,5085910000
2022-03-30,4602.450195,4548.662946428572,4380.63923824,4385570000
2022-03-31,4530.410156,4551.3487025714285,4390.30763668,4823020000
2022-04-01,4545.859863,4564.1515067142855,4396.75603512,4562940000
2022-04-04,4582.640137,4573.0772182857145,4405.10404296,4547350000
2022-04-05,4525.120117,4570.514369428572,4413.858457,4800620000
2022-04-06,4481.149902,4557.032924,4417.6428515200005,4986830000
2022-04-07,4500.209961,4538.262904428571,4423.1116406,4821490000
2022-04-08,4488.279785,4521.952845857143,4429.48802732,4083200000
2022-04-11,4412.529785,4505.112792857143,4437.94562496,4266290000
2022-04-12,4397.450195,4483.911411714286,4447.0156249599995,4152090000
2022-04-13,4446.589844,4464.475655571428,4453.7640234,3828150000
2022-04-14,4392.589844,4445.542759428571,4459.08681636,4083090000
2022-04-18,4391.689941,4432.762765,4466.58201164,3910490000
2022-04-19,4462.209961,4427.334193571429,4478.14601556,4108120000
2022-04-20,4459.450195,4423.2156807142865,4486.02601556,4290450000
2022-04-21,4393.660156,4420.520019428572,4487.458027279999,4636890000
2022-04-22,4271.779785,4402.567103714286,4481.8624218,4651940000
2022-04-25,4296.120117,4381.071428428571,4475.1824218,5240040000
2022-04-26,4175.200195,4350.015764285715,4463.7432225600005,4689970000
2022-04-27,4183.959961,4320.340052857143,4450.63722648,4769680000
2022-04-28,4287.5,4295.381487,4443.88761712,4854180000
2022-04-29,4131.930176,4248.592912857143,4428.35841792,5084030000
2022-05-02,4155.379883,4214.552873857143,4412.8512108800005,5163790000
2022-05-03,4175.47998,4200.795758857143,4396.84960928,4582050000
2022-05-04,4300.169922,4201.374302428571,4383.59240224,5136360000
2022-05-05,4146.870117,4197.3271484285715,4365.36919912,5077030000
2022-05-06,4123.339844,4188.6671317142855,4349.0863866400005,5116940000
2022-05-09,3991.23999,4146.344273142858,4326.90159172,5954520000
2022-05-10,4001.050049,4127.647112142857,4303.6379882,5885820000
2022-05-11,3935.179932,4096.189976285715,4280.0403808,5816140000
2022-05-12,3930.080078,4061.132847428572,4257.99758784,6286450000
2022-05-13,4023.889893,4021.664271857143,4238.94478512,5183340000
2022-05-16,4008.01001,4001.827113714285,4219.73399412,4415030000
2022-05-17,4088.850098,3996.900007142857,4206.78680664,4841410000
2022-05-18,3923.679932,3987.2485702857143,4187.83599612,5103220000
2022-05-19,3900.790039,3972.9257117142856,4166.004003919999,5113550000
2022-05-20,3901.360107,3968.0943081428572,4146.35481444,5130730000
2022-05-23,3973.75,3974.332868428571,4129.6372168,4420030000
2022-05-24,3941.47998,3962.5600237142858,4108.80801756,4923190000
2022-05-25,3978.72998,3958.3771622857143,4089.57920896,4802560000
2022-05-26,4057.840088,3953.9471608571425,4076.14640624,4709970000
2022-05-27,4158.240234,3987.455775428571,4071.6048241999997,4375620000
2022-05-31,4132.149902,4020.5071844285712,4065.0460156,6822640000
2022-06-01,4101.22998,4049.060023428571,4062.087207,4531800000
2022-06-02,4176.819824,4078.0699982857145,4061.8016015199996,4405790000
2022-06-03,4108.540039,4101.935721,4054.6432030799997,3711110000
2022-06-06,4121.430176,4122.321463285714,4054.22320308,4332700000
2022-06-07,4160.680176,4137.012904428571,4054.4352148,4248210000
2022-06-08,4115.77002,4130.945731000001,4052.0468163999994,4159470000
2022-06-09,4017.820068,4114.612897571429,4040.7528222399997,4134170000
2022-06-10,3900.860107,4085.98863,4030.9124218399998,4889640000
2022-06-13,3749.629883,4024.9614955714287,4015.9640234,5636890000
2022-06-14,3735.47998,3971.6672014285714,4005.7336229999996,5153890000
2022-06-15,3789.98999,3924.3186034285714,3997.29122064,5530480000
2022-06-16,3666.77002,3853.760009714286,3986.55482416,5644930000
2022-06-17,3674.840088,3790.7700194285712,3976.3452245599997,8520740000
2022-06-21,3764.790039,3754.6228724285716,3965.9812303999997,5292260000
2022-06-22,3759.889893,3734.4842704285716,3956.05642572,5058990000
2022-06-23,3795.72998,3741.0699985714286,3944.3316210000003,5098640000
2022-06-24,3911.73999,3766.25,3943.85402332,8120260000
2022-06-27,3900.110107,3781.981445285714,3943.8268260400005,4325310000
2022-06-28,3821.550049,3804.092878,3940.63442372,4270120000
2022-06-29,3818.830078,3824.662876571429,3934.43762684,4211240000
2022-06-30,3785.379883,3827.604282857143,3928.19362296,4840070000
2022-07-01,3825.330078,3836.9528807142856,3922.05762688,4046950000
2022-07-05,3831.389893,3842.047154,3912.99961908,5076590000
2022-07-06,3845.080078,3832.5243094285715,3900.47321284,4417720000
2022-07-07,3902.620117,3832.882882285714,3891.2920214399996,4057770000
2022-07-08,3899.379883,3844.00143,3883.2180175599997,3521620000
2022-07-11,3854.429932,3849.087123428571,3870.32242188,3423480000
2022-07-12,3818.800049,3853.861432857143,3858.73282228,3817210000
2022-07-13,3801.780029,3850.4971401428566,3845.9468163999995,4109390000
2022-07-14,3790.379883,3844.638567285714,3831.13480468,4199690000
2022-07-15,3863.159912,3847.2214007142857,3821.0304003600004,4143800000
2022-07-18,3830.850098,3836.968540857143,3813.55160156,4046870000
2022-07-19,3936.689941,3842.2985491428576,3814.9847949200002,4041070000
2022-07-20,3959.899902,3857.3656877142857,3823.39559568,4185300000
2022-07-21,3998.949951,3883.101388,3833.9343945200003,4132790000
2022-07-22,3961.629883,3905.9370814285717,3840.79999024,3979240000
2022-07-25,3966.840088,3931.1456821428574,3852.8027929600003,3568340000
2022-07-26,3921.050049,3939.415701714286,3862.6511914000002,3778950000
2022-07-27,4023.610107,3966.952845857143,3873.0039941200002,4112180000
2022-07-28,4072.429932,3986.3442731428577,3885.50559568,4413000000
2022-07-29,4130.290039,4010.6857212857144,3898.88799804,4616360000
2022-08-01,4118.629883,4027.7828544285708,3907.16359376,4202810000
2022-08-02,4091.189941,4046.2914341428573,3914.80678712,4727710000
2022-08-03,4155.169922,4073.1956961428573,3928.15158204,4351760000
2022-08-04,4151.939941,4106.179966428571,3941.47597656,4283320000
2022-08-05,4145.189941,4123.548514142857,3955.86837888,4085940000
2022-08-08,4140.060059,4133.2099608571425,3968.45757812,4221090000
2022-08-09,4122.470215,4132.0928431428565,3980.1007910000003,3913090000
2022-08-10,4210.240234,4145.180036142857,3994.7071972400004,4546010000
2022-08-11,4207.27002,4161.762904571428,4006.89319336,4630200000
2022-08-12,4280.149902,4179.617187428571,4022.12399412,3788010000
2022-08-15,4297.140137,4200.360072571429,4039.8324023200003,3696830000
2022-08-16,4305.200195,4223.218680285715,4059.28840816,4329820000
2022-08-17,4274.040039,4242.358677428571,4078.17880856,3885030000
2022-08-18,4283.740234,4265.397251571429,4097.9132226,3340330000
2022-08-19,4228.47998,4268.0029295714285,4112.5260253199995,3761340000
2022-08-22,4137.990234,4258.105817285715,4124.81163076,3907430000
2022-08-23,4128.72998,4236.474399857143,4132.49323232,3823520000
2022-08-24,4140.77002,4214.135811714285,4139.728037039999,3583630000
2022-08-25,4199.120117,4198.981514857143,4147.73484368,3566870000
2022-08-26,4057.659912,4168.070068142858,4151.57604484,3832750000
2022-08-29,4030.610107,4131.908621428572,4154.1268456,3396510000
2022-08-30,3986.159912,4097.291468857143,4156.73124012,3835860000
2022-08-31,3955.0,4071.150006857143,4153.98683584,4542490000
2022-09-01,3966.850098,4048.0243094285715,4149.76364248,4152250000
2022-09-02,3924.26001,4017.094308,4141.52244132,3665850000
2022-09-06,3908.189941,3975.5328542857137,4133.10484364,4127340000
2022-09-07,3979.870117,3964.4200264285714,4128.65205068,3890320000
2022-09-08,4006.179932,3960.9300014285714,4122.692451080001,3966850000
2022-09-09,4067.360107,3972.530029285714,4119.30925772,3901940000
2022-09-12,4110.410156,3994.7314801428574,4117.91806632,3814200000
2022-09-13,3932.689941,3989.8514577142855,4109.6232616,4224550000
2022-09-14,3946.01001,3992.9586005714286,4102.564853399999,4293240000
2022-09-15,3901.350098,3991.981480142857,4090.20924796,4441830000
2022-09-16,3873.330078,3976.761474571428,4076.8516502800003,7954650000
2022-09-19,3899.889893,3961.5771832857145,4061.64124992,3766850000
2022-09-20,3855.929932,3931.3728725714286,4043.9928417200003,4058050000
2022-09-21,3789.929932,3885.5899834285715,4023.3820312000003,4078330000
2022-09-22,3757.98999,3860.6328475714286,4002.7400292400002,4284600000
2022-09-23,3693.22998,3824.5214147142856,3979.11961908,5144270000
2022-09-26,3655.040039,3789.334263428572,3956.1820214400004,4886140000
2022-09-27,3647.290039,3757.0428292857146,3936.55401364,4577740000
2022-09-28,3719.040039,3731.2071358571434,3920.1664160000005,4684850000
2022-09-29,3640.469971,3700.4271414285713,3900.1544140399997,4681810000
2022-09-30,3585.620117,3671.240025,3875.6144140399997,5645360000
2022-10-03,3678.429932,3659.8743024285714,3860.44521484,4806680000
2022-10-04,3790.929932,3673.831438428572,3850.85800784,5146580000
2022-10-05,3783.280029,3692.151437,3842.7428125200004,4293180000
2022-10-06,3744.52002,3706.0414342857143,3834.32361332,4252100000
2022-10-07,3639.659912,3694.701416142857,3821.2360058799995,4449660000
2022-10-10,3612.389893,3690.6899764285713,3808.7612012,3834320000
2022-10-11,3588.840088,3691.1499722857143,3795.98720708,4759030000
2022-10-12,3577.030029,3676.6642718571425,3779.87360356,4006830000
2022-10-13,3669.909912,3659.3756975714286,3766.4228027599997,5021680000
2022-10-14,3583.070068,3630.7742745714286,3747.0512012,4243030000
2022-10-17,3677.949951,3621.2642647142857,3729.752793,4352780000
2022-10-18,3719.97998,3632.7385601428573,3721.24439456,4483740000
2022-10-19,3695.159912,3644.5628485714287,3711.2103906400002,4223800000
2022-10-20,3665.780029,3655.5542687142856,3701.7875878799996,4496620000
2022-10-21,3752.75,3680.6571217142855,3696.96438476,5078020000
2022-10-24,3797.340088,3698.861432571429,3692.8623925599995,4747930000
2022-10-25,3859.110107,3738.2957238571425,3692.98959956,4843120000
2022-10-26,3830.600098,3760.1028877142858,3694.6164062000003,4817310000
2022-10-27,3807.300049,3772.577183285714,3696.58880856,4687320000
2022-10-28,3901.060059,3801.99149,3704.90201172,4459410000
2022-10-31,3871.97998,3831.4486258571424,3713.5796093599997,4820620000
2022-11-01,3856.100098,3846.2129255714285,3721.9320117199995,4481210000
2022-11-02,3759.689941,3840.8343331428573,3723.5580078,4899000000
2022-11-03,3719.889893,3820.9457311428573,3726.73480468,4625290000
2022-11-04,3770.550049,3812.3671527142856,3734.13200196,5400180000
2022-11-07,3806.800049,3812.295724142857,3739.2668066399997,4341620000
2022-11-08,3828.110107,3801.874302428572,3740.75401364,4607640000
2022-11-09,3748.570068,3784.2443150000004,3739.3656152,4645010000
2022-11-10,3956.370117,3798.5686034285714,3747.83961908,5781260000
2022-11-11,3992.929932,3831.8886021428575,3761.97041988,5593310000
2022-11-14,3957.25,3865.7971888571424,3775.76482416,4561930000
2022-11-15,3991.72998,3897.394321857143,3791.8804198400003,5015310000
2022-11-16,3958.790039,3919.1071775714286,3807.15082024,4165320000
2022-11-17,3946.560059,3936.028599285714,3818.21682612,4051780000
2022-11-18,3965.340088,3966.9957449999997,3833.5076269200003,4037360000
2022-11-21,3949.939941,3966.0771484285715,3844.38722652,3850690000
2022-11-22,4003.580078,3967.598597857143,3855.73123044,3887990000
2022-11-23,4027.26001,3977.6000278571432,3869.01523436,3279720000
2022-11-25,4026.120117,3982.5129045714284,3883.42883788,1706460000
2022-11-28,3963.939941,3983.248604857143,3891.87643552,3615430000
2022-11-29,3957.629883,3984.8300082857145,3898.2880273200003,3546040000
2022-11-30,4080.110107,4001.225725285714,3907.12802732,6579360000
2022-12-01,4076.570068,4019.3157434285713,3916.96682612,4527130000
2022-12-02,4071.699951,4029.0471538571433,3927.5428222,4012620000
2022-12-05,3998.840088,4024.9871649999995,3931.45402336,4280820000
2022-12-06,3941.26001,4012.864292571429,3934.22522456,4368380000
2022-12-07,3933.919922,4008.5757184285717,3937.33801752,4118050000
2022-12-08,3963.51001,4009.415736571428,3945.4908202799998,4006900000
2022-12-09,3934.379883,3988.597133142857,3954.07041988,3888260000
2022-12-12,3990.560059,3976.3099890000003,3962.87082028,3904130000
2022-12-13,4019.649902,3968.874267714286,3971.3848144,5079360000
2022-12-14,3995.320068,3968.371407714286,3978.07321284,4472340000
2022-12-15,3895.75,3961.8699777142856,3983.9604101200002,4493900000
2022-12-16,3852.360107,3950.218575571428,3979.80000972,7493660000
2022-12-19,3817.659912,3929.382847285714,3972.7892089200004,3969610000
2022-12-20,3821.620117,3913.274309285714,3967.3640136000004,3985370000
2022-12-21,3878.439941,3897.2571495714287,3962.8324120400002,3775200000
2022-12-22,3822.389893,3869.077148285714,3957.3764062,3956950000
2022-12-23,3844.820068,3847.577148285715,3953.3068065600005,2819280000
2022-12-27,3829.25,3838.077148285715,3947.86320304,3030300000
2022-12-28,3783.219971,3828.199986,3941.1944042400005,3083520000
2022-12-29,3849.280029,3832.7171455714292,3935.0224022800003,3003680000
2022-12-30,3839.5,3835.2714145714285,3927.5120018800003,2979870000
2023-01-03,3824.139893,3827.5142648571427,3919.43279292,3959140000
